ign,name,number,team,flag
McLarenTim,McLarenTim,71,Timberwolves Racing,https://upload.wikimedia.org/wikipedia/en/thumb/a/a4/Flag_of_the_United_States.svg/23px-Flag_of_the_United_States.svg.png
PhotonBurst,PhotonBurst,28,Timberwolves Racing,https://upload.wikimedia.org/wikipedia/commons/thumb/2/20/Flag_of_the_Netherlands.svg/23px-Flag_of_the_Netherlands.svg.png
gunciz,Gunciz,000,Phoenix Racing Team Gold,https://upload.wikimedia.org/wikipedia/commons/thumb/8/84/Flag_of_Latvia.svg/125px-Flag_of_Latvia.svg.png
MrGrinder,MrGrinder,20,Phoenix Racing Team Gold,https://upload.wikimedia.org/wikipedia/en/thumb/b/ba/Flag_of_Germany.svg/23px-Flag_of_Germany.svg.png
Trempale,Trempale,17,Monterey SimSport,https://upload.wikimedia.org/wikipedia/en/thumb/b/ba/Flag_of_Germany.svg/23px-Flag_of_Germany.svg.png
JEMknight657,JEMknight657,15,Independent,https://upload.wikimedia.org/wikipedia/en/thumb/a/a4/Flag_of_the_United_States.svg/23px-Flag_of_the_United_States.svg.png
Waffles,Waffles,30,Independent,https://upload.wikimedia.org/wikipedia/en/thumb/4/4c/Flag_of_Sweden.svg/23px-Flag_of_Sweden.svg.png
Salzeder,Salzeder,16,DSW Racing,https://upload.wikimedia.org/wikipedia/en/thumb/b/ba/Flag_of_Germany.svg/23px-Flag_of_Germany.svg.png
NotJames,NotJames,73,Monterey SimSport,https://upload.wikimedia.org/wikipedia/en/thumb/a/ae/Flag_of_the_United_Kingdom.svg/23px-Flag_of_the_United_Kingdom.svg.png
xPsychedelix,xPsychedelix,14,Phoenix Racing Team Black,https://upload.wikimedia.org/wikipedia/en/thumb/b/ba/Flag_of_Germany.svg/23px-Flag_of_Germany.svg.png
gman197002,Gman197002,19,Phoenix Racing Team Black,https://upload.wikimedia.org/wikipedia/en/thumb/a/a4/Flag_of_the_United_States.svg/23px-Flag_of_the_United_States.svg.png
Monochromatica,Monochromatic,55,Independent,https://upload.wikimedia.org/wikipedia/en/thumb/a/a4/Flag_of_the_United_States.svg/23px-Flag_of_the_United_States.svg.png
NihonTiger,NihonTiger,12,Independent,https://upload.wikimedia.org/wikipedia/en/thumb/a/a4/Flag_of_the_United_States.svg/23px-Flag_of_the_United_States.svg.png
marzen224,Marzen224,22,Martini Racing,https://upload.wikimedia.org/wikipedia/en/thumb/a/ae/Flag_of_the_United_Kingdom.svg/23px-Flag_of_the_United_Kingdom.svg.png
Viperion_NZ,Viperion_NZ,05,Phoenix Racing Team Black,https://upload.wikimedia.org/wikipedia/commons/thumb/3/3e/Flag_of_New_Zealand.svg/125px-Flag_of_New_Zealand.svg.png
Horanjo,Horanjo,422,DSW Racing,https://upload.wikimedia.org/wikipedia/en/thumb/b/ba/Flag_of_Germany.svg/23px-Flag_of_Germany.svg.png
Bacsi97,Bacsi97,68,M-Power,https://upload.wikimedia.org/wikipedia/commons/thumb/c/c1/Flag_of_Hungary.svg/23px-Flag_of_Hungary.svg.png
SBD,SBD,74,M-Power,https://upload.wikimedia.org/wikipedia/commons/thumb/c/c1/Flag_of_Hungary.svg/23px-Flag_of_Hungary.svg.png
Phin,Phin,101,Independent,https://upload.wikimedia.org/wikipedia/en/thumb/b/ba/Flag_of_Germany.svg/23px-Flag_of_Germany.svg.png
Swordhaven,Swordhaven,019,Independent,https://upload.wikimedia.org/wikipedia/commons/thumb/8/88/Flag_of_Australia_%28converted%29.svg/125px-Flag_of_Australia_%28converted%29.svg.png
